,index,Ticker,Date,Open,High,Low,Close,Volume
0,2238,TV1,02/01/2021,9.7,9.7,9.7,9.7,0
1,2239,TV1,02/02/2021,9.7,9.7,9.7,9.7,0
2,2240,TV1,02/03/2021,9.7,9.7,9.7,9.7,0
3,2241,TV1,02/04/2021,9.7,9.7,9.7,9.7,0
4,2242,TV1,02/05/2021,10.6,10.6,9.4,9.4,1500
5,2243,TV1,02/08/2021,10.4,10.4,10.4,10.4,0
6,2244,TV1,02/09/2021,10.4,10.4,10.4,10.4,0
7,2245,TV1,02/17/2021,10.4,10.4,10.4,10.4,0
8,2246,TV1,02/18/2021,10.4,10.4,10.4,10.4,0
9,2247,TV1,02/19/2021,10.0,10.0,8.9,9.4,5700
10,2248,TV1,02/22/2021,9.3,9.3,9.3,9.3,0
11,2249,TV1,02/23/2021,9.3,9.3,9.3,9.3,0
12,2250,TV1,02/24/2021,9.3,9.3,9.3,9.3,0
13,2251,TV1,02/25/2021,9.3,9.3,9.3,9.3,0
14,2252,TV1,02/26/2021,9.5,9.5,8.0,9.0,13300
15,2253,TV1,03/01/2021,8.7,8.7,8.7,8.7,0
16,2254,TV1,03/02/2021,8.7,8.7,8.7,8.7,0
17,2255,TV1,03/03/2021,8.7,8.7,8.7,8.7,0
18,2256,TV1,03/04/2021,8.7,8.7,8.7,8.7,0
19,2257,TV1,03/05/2021,9.5,9.5,8.5,9.1,7100
20,2258,TV1,03/08/2021,8.9,8.9,8.9,8.9,0
21,2259,TV1,03/09/2021,8.9,8.9,8.9,8.9,0
22,2260,TV1,03/10/2021,8.9,8.9,8.9,8.9,0
23,2261,TV1,03/11/2021,8.9,8.9,8.9,8.9,0
24,2262,TV1,03/12/2021,9.8,9.8,8.9,8.9,9900
25,2263,TV1,03/15/2021,8.9,8.9,8.9,8.9,0
26,2264,TV1,03/16/2021,8.9,8.9,8.9,8.9,0
27,2265,TV1,03/17/2021,8.9,8.9,8.9,8.9,0
28,2266,TV1,03/18/2021,8.9,8.9,8.9,8.9,0
29,2267,TV1,03/19/2021,9.5,9.5,8.7,9.3,7400
30,2268,TV1,03/22/2021,8.9,8.9,8.9,8.9,0
31,2269,TV1,03/23/2021,8.9,8.9,8.9,8.9,0
32,2270,TV1,03/24/2021,8.9,8.9,8.9,8.9,0
33,2271,TV1,03/25/2021,8.9,8.9,8.9,8.9,0
34,2272,TV1,03/26/2021,9.8,9.8,8.9,8.9,20000
35,2273,TV1,03/29/2021,8.9,8.9,8.9,8.9,0
36,2274,TV1,03/30/2021,8.9,8.9,8.9,8.9,0
37,2275,TV1,03/31/2021,8.9,8.9,8.9,8.9,0
38,2276,TV1,04/01/2021,8.9,8.9,8.9,8.9,0
39,2277,TV1,04/02/2021,8.9,8.9,8.5,8.5,1300
40,2278,TV1,04/05/2021,8.5,8.5,8.5,8.5,0
41,2279,TV1,04/06/2021,8.5,8.5,8.5,8.5,0
42,2280,TV1,04/07/2021,8.5,8.5,8.5,8.5,0
43,2281,TV1,04/08/2021,8.5,8.5,8.5,8.5,0
44,2282,TV1,04/09/2021,9.0,9.0,8.0,8.6,20100
45,2283,TV1,04/12/2021,8.4,8.4,8.4,8.4,0
46,2284,TV1,04/13/2021,8.4,8.4,8.4,8.4,0
47,2285,TV1,04/14/2021,8.4,8.4,8.4,8.4,0
48,2286,TV1,04/15/2021,8.4,8.4,8.4,8.4,0
49,2287,TV1,04/16/2021,8.5,8.9,8.4,8.4,22000
50,2288,TV1,04/19/2021,8.5,8.5,8.5,8.5,0
51,2289,TV1,04/20/2021,8.5,8.5,8.5,8.5,0
52,2290,TV1,04/22/2021,8.5,8.5,8.5,8.5,0
53,2291,TV1,04/23/2021,8.6,8.6,7.3,8.4,12800
54,2292,TV1,04/26/2021,8.0,8.0,8.0,8.0,0
55,2293,TV1,04/27/2021,8.0,8.0,8.0,8.0,0
56,2294,TV1,04/28/2021,8.0,8.0,8.0,8.0,0
57,2295,TV1,04/29/2021,8.0,8.0,8.0,8.0,0
58,2296,TV1,05/04/2021,8.0,8.0,8.0,8.0,0
59,2297,TV1,05/05/2021,8.0,8.0,8.0,8.0,0
60,2298,TV1,05/06/2021,8.0,8.0,8.0,8.0,0
61,2299,TV1,05/07/2021,8.4,8.4,8.2,8.2,36700
62,2300,TV1,05/10/2021,8.3,8.3,8.3,8.3,0
63,2301,TV1,05/11/2021,8.3,8.3,8.3,8.3,0
64,2302,TV1,05/12/2021,8.3,8.3,8.3,8.3,0
65,2303,TV1,05/13/2021,8.3,8.3,8.3,8.3,0
66,2304,TV1,05/14/2021,8.3,9.1,8.0,8.1,45000
67,2305,TV1,05/17/2021,8.1,8.1,8.1,8.1,0
68,2306,TV1,05/18/2021,8.1,8.1,8.1,8.1,0
69,2307,TV1,05/19/2021,8.1,8.1,8.1,8.1,0
70,2308,TV1,05/20/2021,8.1,8.1,8.1,8.1,0
71,2309,TV1,05/21/2021,8.9,8.9,8.1,8.4,16200
72,2310,TV1,05/24/2021,8.1,8.1,8.1,8.1,0
73,2311,TV1,05/25/2021,8.1,8.1,8.1,8.1,0
74,2312,TV1,05/26/2021,8.1,8.1,8.1,8.1,0
75,2313,TV1,05/27/2021,8.1,8.1,8.1,8.1,0
76,2314,TV1,05/28/2021,8.1,8.6,8.1,8.3,98100
77,2315,TV1,05/31/2021,8.3,8.3,8.3,8.3,0
78,2316,TV1,06/01/2021,8.3,8.3,8.3,8.3,0
79,2317,TV1,06/02/2021,8.3,8.3,8.3,8.3,0
80,2318,TV1,06/03/2021,8.3,8.3,8.3,8.3,0
81,2319,TV1,06/04/2021,8.3,8.9,7.8,7.9,11700
82,2320,TV1,06/07/2021,7.8,7.8,7.8,7.8,0
83,2321,TV1,06/08/2021,7.8,7.8,7.8,7.8,0
84,2322,TV1,06/09/2021,7.8,7.8,7.8,7.8,0
85,2323,TV1,06/10/2021,7.8,7.8,7.8,7.8,0
86,2324,TV1,06/11/2021,8.8,8.8,7.9,8.7,5200
87,2325,TV1,06/14/2021,8.4,8.4,8.4,8.4,0
88,2326,TV1,06/15/2021,8.4,8.4,8.4,8.4,0
89,2327,TV1,06/16/2021,8.4,8.4,8.4,8.4,0
90,2328,TV1,06/17/2021,8.4,8.4,8.4,8.4,0
91,2329,TV1,06/18/2021,8.6,8.6,8.0,8.0,7200
92,2330,TV1,06/21/2021,8.2,8.2,8.2,8.2,0
93,2331,TV1,06/22/2021,8.2,8.2,8.2,8.2,0
94,2332,TV1,06/23/2021,8.2,8.2,8.2,8.2,0
95,2333,TV1,06/24/2021,8.2,8.2,8.2,8.2,0
96,2334,TV1,06/25/2021,8.3,8.3,8.0,8.0,8000
97,2335,TV1,06/28/2021,8.0,8.0,8.0,8.0,0
98,2336,TV1,06/29/2021,8.0,8.0,8.0,8.0,0
99,2337,TV1,06/30/2021,8.0,8.0,8.0,8.0,0
100,2338,TV1,07/01/2021,8.0,8.0,8.0,8.0,0
101,2339,TV1,07/02/2021,8.0,8.0,7.8,7.8,3100
102,2340,TV1,07/05/2021,7.9,7.9,7.9,7.9,0
103,2341,TV1,07/06/2021,7.9,7.9,7.9,7.9,0
104,2342,TV1,07/07/2021,7.9,7.9,7.9,7.9,0
105,2343,TV1,07/08/2021,7.9,7.9,7.9,7.9,0
106,2344,TV1,07/09/2021,7.8,7.8,7.5,7.7,6000
107,2345,TV1,07/12/2021,7.6,7.6,7.6,7.6,0
108,2346,TV1,07/13/2021,7.6,7.6,7.6,7.6,0
109,2347,TV1,07/14/2021,7.6,7.6,7.6,7.6,0
110,2348,TV1,07/15/2021,7.6,7.6,7.6,7.6,0
111,2349,TV1,07/16/2021,7.4,7.5,7.3,7.3,15400
112,2350,TV1,07/19/2021,7.5,7.5,7.5,7.5,0
113,2351,TV1,07/20/2021,7.5,7.5,7.5,7.5,0
114,2352,TV1,07/21/2021,7.5,7.5,7.5,7.5,0
115,2353,TV1,07/22/2021,7.5,7.5,7.5,7.5,0
116,2354,TV1,07/23/2021,7.5,7.6,7.5,7.5,2100
117,2355,TV1,07/26/2021,7.5,7.5,7.5,7.5,0
118,2356,TV1,07/27/2021,7.5,7.5,7.5,7.5,0
119,2357,TV1,07/28/2021,7.5,7.5,7.5,7.5,0
120,2358,TV1,07/29/2021,7.5,7.5,7.5,7.5,0
121,2359,TV1,07/30/2021,7.3,7.5,7.2,7.3,6400
122,2360,TV1,08/02/2021,7.3,7.3,7.3,7.3,0
123,2361,TV1,08/03/2021,7.3,7.3,7.3,7.3,0
124,2362,TV1,08/04/2021,7.3,7.3,7.3,7.3,0
125,2363,TV1,08/05/2021,7.3,7.3,7.3,7.3,0
126,2364,TV1,08/06/2021,7.2,7.2,7.1,7.1,3600
127,2365,TV1,08/09/2021,7.2,7.2,7.2,7.2,0
128,2366,TV1,08/10/2021,7.2,7.2,7.2,7.2,0
129,2367,TV1,08/11/2021,7.2,7.2,7.2,7.2,0
130,2368,TV1,08/12/2021,7.2,7.2,7.2,7.2,0
131,2369,TV1,08/13/2021,6.8,6.8,6.8,6.8,100
132,2370,TV1,08/17/2021,6.8,6.8,6.8,6.8,0
133,2371,TV1,08/18/2021,6.8,6.8,6.8,6.8,0
134,2372,TV1,08/19/2021,6.8,6.8,6.8,6.8,0
135,2373,TV1,08/20/2021,6.9,6.9,6.0,6.0,142500
136,2374,TV1,08/23/2021,6.2,6.2,6.2,6.2,0
137,2375,TV1,08/24/2021,6.2,6.2,6.2,6.2,0
138,2376,TV1,08/25/2021,6.2,6.2,6.2,6.2,0
139,2377,TV1,08/26/2021,6.2,6.2,6.2,6.2,0
140,2378,TV1,08/27/2021,6.0,6.3,6.0,6.1,25400
141,2379,TV1,08/30/2021,6.2,6.2,6.2,6.2,0
142,2380,TV1,08/31/2021,6.2,6.2,6.2,6.2,0
143,2381,TV1,09/01/2021,6.2,6.2,6.2,6.2,0
144,2382,TV1,09/06/2021,6.2,6.2,6.2,6.2,0
145,2383,TV1,09/07/2021,6.2,6.2,6.2,6.2,0
146,2384,TV1,09/08/2021,6.2,6.2,6.2,6.2,0
147,2385,TV1,09/09/2021,6.2,6.2,6.2,6.2,0
148,2386,TV1,09/10/2021,6.2,7.1,6.1,7.1,55000
149,2387,TV1,09/13/2021,6.4,6.4,6.4,6.4,0
150,2388,TV1,09/14/2021,6.4,6.4,6.4,6.4,0
151,2389,TV1,09/15/2021,6.4,6.4,6.4,6.4,0
152,2390,TV1,09/16/2021,6.4,6.4,6.4,6.4,0
153,2391,TV1,09/17/2021,7.3,7.3,6.5,6.7,150500
154,2392,TV1,09/20/2021,6.8,6.8,6.8,6.8,0
155,2393,TV1,09/21/2021,6.8,6.8,6.8,6.8,0
156,2394,TV1,09/22/2021,6.8,6.8,6.8,6.8,0
157,2395,TV1,09/23/2021,6.8,6.8,6.8,6.8,0
158,2396,TV1,09/24/2021,6.7,7.2,6.7,6.8,92700
159,2397,TV1,09/27/2021,6.9,6.9,6.9,6.9,0
160,2398,TV1,09/28/2021,6.9,6.9,6.9,6.9,0
161,2399,TV1,09/29/2021,6.9,6.9,6.9,6.9,0
162,2400,TV1,09/30/2021,6.9,6.9,6.9,6.9,0
163,2401,TV1,10/01/2021,7.0,7.2,6.9,7.2,144900
164,2402,TV1,10/04/2021,7.0,7.0,7.0,7.0,0
165,2403,TV1,10/05/2021,7.0,7.0,7.0,7.0,0
166,2404,TV1,10/06/2021,7.0,7.0,7.0,7.0,0
167,2405,TV1,10/07/2021,7.0,7.0,7.0,7.0,0
168,2406,TV1,10/08/2021,7.6,8.0,7.2,8.0,190800
169,2407,TV1,10/11/2021,7.5,7.5,7.5,7.5,0
170,2408,TV1,10/12/2021,7.5,7.5,7.5,7.5,0
171,2409,TV1,10/13/2021,7.5,7.5,7.5,7.5,0
172,2410,TV1,10/14/2021,7.5,7.5,7.5,7.5,0
173,2411,TV1,10/15/2021,7.9,8.5,7.9,8.3,324400
174,2412,TV1,10/18/2021,8.1,8.1,8.1,8.1,0
175,2413,TV1,10/19/2021,8.1,8.1,8.1,8.1,0
176,2414,TV1,10/20/2021,8.1,8.1,8.1,8.1,0
177,2415,TV1,10/21/2021,8.1,8.1,8.1,8.1,0
178,2416,TV1,10/22/2021,8.9,9.3,8.5,8.9,91100
179,2417,TV1,10/25/2021,8.9,8.9,8.9,8.9,0
180,2418,TV1,10/26/2021,8.9,8.9,8.9,8.9,0
181,2419,TV1,10/27/2021,8.9,8.9,8.9,8.9,0
182,2420,TV1,10/28/2021,8.9,8.9,8.9,8.9,0
183,2421,TV1,10/29/2021,9.3,9.8,8.7,9.0,129500
184,2422,TV1,11/01/2021,9.0,9.0,9.0,9.0,0
185,2423,TV1,11/02/2021,9.0,9.0,9.0,9.0,0
186,2424,TV1,11/03/2021,9.0,9.0,9.0,9.0,0
187,2425,TV1,11/04/2021,9.0,9.0,9.0,9.0,0
188,2426,TV1,11/05/2021,9.4,9.6,9.0,9.0,216700
189,2427,TV1,11/08/2021,9.1,9.1,9.1,9.1,0
190,2428,TV1,11/09/2021,9.1,9.1,9.1,9.1,0
191,2429,TV1,11/10/2021,9.1,9.1,9.1,9.1,0
192,2430,TV1,11/11/2021,9.1,9.1,9.1,9.1,0
193,2431,TV1,11/12/2021,9.4,10.0,9.3,9.7,196600
194,2432,TV1,11/15/2021,9.5,9.5,9.5,9.5,0
195,2433,TV1,11/16/2021,9.5,9.5,9.5,9.5,0
196,2434,TV1,11/17/2021,9.5,9.5,9.5,9.5,0
197,2435,TV1,11/18/2021,9.5,9.5,9.5,9.5,0
198,2436,TV1,11/19/2021,10.5,10.9,9.6,10.0,105700
199,2437,TV1,11/22/2021,10.2,10.2,10.2,10.2,0
200,2438,TV1,11/23/2021,10.2,10.2,10.2,10.2,0
201,2439,TV1,11/24/2021,10.2,10.2,10.2,10.2,0
202,2440,TV1,11/25/2021,10.2,10.2,10.2,10.2,0
203,2441,TV1,11/26/2021,10.1,10.1,9.2,9.7,69100
204,2442,TV1,11/29/2021,9.5,9.5,9.5,9.5,0
205,2443,TV1,11/30/2021,9.5,9.5,9.5,9.5,0
206,2444,TV1,12/01/2021,9.5,9.5,9.5,9.5,0
207,2445,TV1,12/02/2021,9.5,9.5,9.5,9.5,0
208,2446,TV1,12/03/2021,10.5,10.5,9.4,9.4,103900
209,2447,TV1,12/06/2021,9.6,9.6,9.6,9.6,0
210,2448,TV1,12/07/2021,9.6,9.6,9.6,9.6,0
211,2449,TV1,12/08/2021,9.6,9.6,9.6,9.6,0
212,2450,TV1,12/09/2021,9.6,9.6,9.6,9.6,0
213,2451,TV1,12/10/2021,10.2,10.3,9.1,9.3,110100
214,2452,TV1,12/13/2021,9.3,9.3,9.3,9.3,0
215,2453,TV1,12/14/2021,9.3,9.3,9.3,9.3,0
216,2454,TV1,12/15/2021,9.3,9.3,9.3,9.3,0
217,2455,TV1,12/16/2021,9.3,9.3,9.3,9.3,0
218,2456,TV1,12/17/2021,9.7,9.8,9.1,9.4,110500
219,2457,TV1,12/20/2021,9.4,9.4,9.4,9.4,0
220,2458,TV1,12/21/2021,9.4,9.4,9.4,9.4,0
221,2459,TV1,12/22/2021,9.4,9.4,9.4,9.4,0
222,2460,TV1,12/23/2021,9.4,9.4,9.4,9.4,0
223,2461,TV1,12/24/2021,9.4,9.6,8.6,9.5,106700
224,2462,TV1,12/27/2021,9.4,9.4,9.4,9.4,0
225,2463,TV1,12/28/2021,9.4,9.4,9.4,9.4,0
226,2464,TV1,12/29/2021,9.4,9.4,9.4,9.4,0
227,2465,TV1,12/30/2021,9.4,9.4,9.4,9.4,0
228,2466,TV1,12/31/2021,9.8,10.5,9.5,10.0,97100
229,2467,TV1,01/04/2022,10.0,10.0,10.0,10.0,0
230,2468,TV1,01/05/2022,10.0,10.0,10.0,10.0,0
231,2469,TV1,01/06/2022,10.0,10.0,10.0,10.0,0
232,2470,TV1,01/07/2022,10.1,11.0,10.0,10.3,88600
233,2471,TV1,01/10/2022,10.4,10.4,10.4,10.4,0
234,2472,TV1,01/11/2022,10.4,10.4,10.4,10.4,0
235,2473,TV1,01/12/2022,10.4,10.4,10.4,10.4,0
236,2474,TV1,01/13/2022,10.4,10.4,10.4,10.4,0
237,2475,TV1,01/14/2022,10.1,10.4,9.9,10.1,89200
238,2476,TV1,01/17/2022,10.1,10.1,10.1,10.1,0
239,2477,TV1,01/18/2022,10.1,10.1,10.1,10.1,0
240,2478,TV1,01/19/2022,10.1,10.1,10.1,10.1,0
241,2479,TV1,01/20/2022,10.1,10.1,10.1,10.1,0
242,2480,TV1,01/21/2022,10.1,10.5,10.1,10.3,49100
243,2481,TV1,01/24/2022,10.3,10.3,10.3,10.3,0
244,2482,TV1,01/25/2022,10.3,10.3,10.3,10.3,0
245,2483,TV1,01/26/2022,10.3,10.3,10.3,10.3,0
246,2484,TV1,01/27/2022,10.3,10.3,10.3,10.3,0
247,2485,TV1,01/28/2022,10.3,10.5,10.2,10.3,62100
248,2486,TV1,02/07/2022,10.3,10.3,10.3,10.3,0
249,2487,TV1,02/08/2022,10.3,10.3,10.3,10.3,0
250,2488,TV1,02/09/2022,10.3,10.3,10.3,10.3,0
251,2489,TV1,02/10/2022,10.3,10.3,10.3,10.3,0
252,2490,TV1,02/11/2022,10.3,10.9,10.0,10.5,48900
253,2491,TV1,02/14/2022,10.4,10.4,10.4,10.4,0
254,2492,TV1,02/15/2022,10.4,10.4,10.4,10.4,0
255,2493,TV1,02/16/2022,10.4,10.4,10.4,10.4,0
256,2494,TV1,02/17/2022,10.4,10.4,10.4,10.4,0
257,2495,TV1,02/18/2022,11.5,11.9,10.6,10.6,32500
258,2496,TV1,02/21/2022,10.8,10.8,10.8,10.8,0
259,2497,TV1,02/22/2022,10.8,10.8,10.8,10.8,0
260,2498,TV1,02/23/2022,10.8,10.8,10.8,10.8,0
261,2499,TV1,02/24/2022,10.8,10.8,10.8,10.8,0
262,2500,TV1,02/25/2022,11.7,11.7,10.6,10.7,12300
263,2501,TV1,02/28/2022,11.1,11.1,11.1,11.1,0
264,2502,TV1,03/01/2022,11.1,11.1,11.1,11.1,0
265,2503,TV1,03/02/2022,11.1,11.1,11.1,11.1,0
266,2504,TV1,03/03/2022,11.1,11.1,11.1,11.1,0
267,2505,TV1,03/04/2022,11.3,11.4,10.5,10.6,11000
268,2506,TV1,03/07/2022,10.7,10.7,10.7,10.7,0
269,2507,TV1,03/08/2022,10.7,10.7,10.7,10.7,0
270,2508,TV1,03/09/2022,10.7,10.7,10.7,10.7,0
271,2509,TV1,03/10/2022,10.7,10.7,10.7,10.7,0
272,2510,TV1,03/11/2022,11.4,11.4,10.5,10.5,56300
273,2511,TV1,03/14/2022,10.6,10.6,10.6,10.6,0
274,2512,TV1,03/15/2022,10.6,10.6,10.6,10.6,0
275,2513,TV1,03/16/2022,10.6,10.6,10.6,10.6,0
276,2514,TV1,03/17/2022,10.6,10.6,10.6,10.6,0
277,2515,TV1,03/18/2022,12.0,12.0,10.6,10.6,77000
278,2516,TV1,03/21/2022,10.6,10.6,10.6,10.6,0
279,2517,TV1,03/22/2022,10.6,10.6,10.6,10.6,0
280,2518,TV1,03/23/2022,10.6,10.6,10.6,10.6,0
281,2519,TV1,03/24/2022,10.6,10.6,10.6,10.6,0
282,2520,TV1,03/25/2022,10.9,10.9,10.6,10.7,47600
283,2521,TV1,03/28/2022,10.6,10.6,10.6,10.6,0
284,2522,TV1,03/29/2022,10.6,10.6,10.6,10.6,0
285,2523,TV1,03/30/2022,10.6,10.6,10.6,10.6,0
286,2524,TV1,03/31/2022,10.6,10.6,10.6,10.6,0
287,2525,TV1,04/01/2022,10.6,11.3,10.6,11.0,55100
288,2526,TV1,04/04/2022,10.7,10.7,10.7,10.7,0
289,2527,TV1,04/05/2022,10.7,10.7,10.7,10.7,0
290,2528,TV1,04/06/2022,10.7,10.7,10.7,10.7,0
291,2529,TV1,04/07/2022,10.7,10.7,10.7,10.7,0
292,2530,TV1,04/08/2022,11.5,11.6,10.7,10.9,21500
293,2531,TV1,04/12/2022,10.9,10.9,10.9,10.9,0
294,2532,TV1,04/13/2022,12.0,12.4,11.0,11.3,20500
295,2533,TV1,04/14/2022,11.4,11.9,11.3,11.3,6700
296,2534,TV1,04/15/2022,11.4,11.8,11.2,11.4,9100
297,2535,TV1,04/18/2022,11.7,11.7,10.4,11.3,3900
298,2536,TV1,04/19/2022,11.7,11.7,10.7,11.3,4800
299,2537,TV1,04/20/2022,11.0,11.0,10.7,10.8,56000
300,2538,TV1,04/21/2022,11.4,11.4,10.3,11.0,20500
301,2539,TV1,04/22/2022,10.8,10.8,10.6,10.8,23000
302,2540,TV1,04/25/2022,10.7,10.7,10.5,10.6,40400
303,2541,TV1,04/26/2022,10.5,10.8,10.1,10.8,43300
304,2542,TV1,04/27/2022,10.4,10.6,10.3,10.6,115900
305,2543,TV1,04/28/2022,10.6,10.6,10.3,10.3,11100
306,2544,TV1,04/29/2022,10.4,10.6,10.4,10.6,6700
307,2545,TV1,05/04/2022,10.9,10.9,10.3,10.4,82400
308,2546,TV1,05/05/2022,10.8,10.8,10.4,10.4,5000
309,2547,TV1,05/06/2022,10.5,10.5,10.0,10.0,24100
310,2548,TV1,05/09/2022,10.0,10.2,10.0,10.0,65700
311,2549,TV1,05/10/2022,10.0,10.1,9.8,10.1,58200
312,2550,TV1,05/11/2022,10.1,10.1,10.0,10.0,8500
313,2551,TV1,05/12/2022,10.1,10.1,9.9,9.9,70400
314,2552,TV1,05/13/2022,9.9,9.9,9.6,9.6,74200
315,2553,TV1,05/16/2022,9.9,9.9,9.7,9.8,20300
316,2554,TV1,05/17/2022,9.8,10.1,9.5,10.1,56300
317,2555,TV1,05/18/2022,10.0,10.0,10.0,10.0,2900
318,2556,TV1,05/19/2022,10.0,10.0,10.0,10.0,0
319,2557,TV1,05/20/2022,10.1,10.1,10.0,10.0,6000
320,2558,TV1,05/23/2022,10.0,10.0,10.0,10.0,12000
321,2559,TV1,05/24/2022,10.0,10.0,10.0,10.0,26800
322,2560,TV1,05/25/2022,10.5,10.9,10.1,10.2,1700
323,2561,TV1,05/26/2022,10.2,10.2,10.2,10.2,5700
324,2562,TV1,05/27/2022,10.2,10.2,10.2,10.2,100
325,2563,TV1,05/30/2022,10.3,10.6,10.3,10.6,15900
326,2564,TV1,05/31/2022,10.1,10.4,10.1,10.4,10000
327,2565,TV1,06/01/2022,10.3,10.3,10.3,10.3,2000
328,2566,TV1,06/02/2022,10.3,10.3,10.3,10.3,0
329,2567,TV1,06/03/2022,10.3,10.3,10.3,10.3,0
330,2568,TV1,06/06/2022,10.3,10.3,10.3,10.3,2000
331,2569,TV1,06/07/2022,10.6,10.6,10.3,10.3,200
332,2570,TV1,06/08/2022,11.0,11.0,10.6,10.7,2200
333,2571,TV1,06/09/2022,10.5,10.5,10.3,10.5,8000
334,2572,TV1,06/10/2022,10.3,10.8,10.3,10.4,6700
335,2573,TV1,06/13/2022,10.5,10.5,10.3,10.4,16400
336,2574,TV1,06/14/2022,10.4,10.5,10.3,10.3,10600
337,2575,TV1,06/15/2022,10.3,10.4,10.1,10.4,25100
338,2576,TV1,06/16/2022,10.4,10.6,10.4,10.6,11300
339,2577,TV1,06/17/2022,10.3,10.3,10.3,10.3,8500
340,2578,TV1,06/20/2022,10.3,10.4,10.0,10.1,20400
341,2579,TV1,06/21/2022,10.3,10.3,10.0,10.2,20300
342,2580,TV1,06/22/2022,10.0,10.1,10.0,10.0,23400
343,2581,TV1,06/23/2022,10.2,10.2,10.2,10.2,100
344,2582,TV1,06/24/2022,10.4,10.4,10.4,10.4,100
345,2583,TV1,06/27/2022,10.3,10.3,10.0,10.0,7500
346,2584,TV1,06/28/2022,10.2,10.2,10.0,10.1,10100
347,2585,TV1,06/29/2022,10.2,10.2,10.0,10.0,6200
348,2586,TV1,06/30/2022,10.0,10.0,10.0,10.0,8600
349,2587,TV1,07/01/2022,10.1,10.1,10.0,10.0,6900
350,2588,TV1,07/04/2022,10.1,10.1,10.0,10.0,1000
351,2589,TV1,07/05/2022,10.0,10.2,10.0,10.0,5500
352,2590,TV1,07/06/2022,10.0,10.1,10.0,10.0,9000
353,2591,TV1,07/07/2022,10.1,10.1,10.1,10.1,6400
354,2592,TV1,07/08/2022,10.1,10.1,10.1,10.1,4200
355,2593,TV1,07/11/2022,10.1,10.1,10.0,10.0,5000
356,2594,TV1,07/12/2022,10.0,10.0,10.0,10.0,10300
357,2595,TV1,07/13/2022,10.0,10.1,10.0,10.0,14000
358,2596,TV1,07/14/2022,10.1,10.1,10.1,10.1,4100
359,2597,TV1,07/15/2022,10.2,10.2,10.2,10.2,200
360,2598,TV1,07/18/2022,10.1,10.1,10.1,10.1,300
361,2599,TV1,07/19/2022,10.1,10.1,10.1,10.1,5000
362,2600,TV1,07/20/2022,10.3,10.3,10.3,10.3,2700
363,2601,TV1,07/21/2022,10.3,10.4,10.3,10.4,3000
364,2602,TV1,07/22/2022,10.4,10.4,10.4,10.4,0
365,2603,TV1,07/25/2022,10.2,10.4,10.1,10.4,18000
366,2604,TV1,07/26/2022,10.3,10.3,10.3,10.3,100
367,2605,TV1,07/27/2022,10.4,10.4,10.4,10.4,5000
368,2606,TV1,07/28/2022,10.6,10.7,10.6,10.7,11000
369,2607,TV1,07/29/2022,10.6,10.6,10.6,10.6,0
370,2608,TV1,08/01/2022,10.6,10.7,10.6,10.7,1900
371,2609,TV1,08/02/2022,10.6,10.6,10.6,10.6,200
372,2610,TV1,08/03/2022,10.6,10.6,10.6,10.6,4000
373,2611,TV1,08/04/2022,10.7,11.4,10.7,11.4,4800
374,2612,TV1,08/05/2022,11.2,11.2,11.2,11.2,0
375,2613,TV1,08/08/2022,11.0,11.4,11.0,11.3,14500
376,2614,TV1,08/09/2022,11.2,11.2,11.2,11.2,0
377,2615,TV1,08/10/2022,11.2,11.2,11.2,11.2,1800
378,2616,TV1,08/11/2022,11.2,11.2,11.2,11.2,0
379,2617,TV1,08/12/2022,11.2,11.4,11.2,11.4,11000
380,2618,TV1,08/15/2022,11.0,11.3,11.0,11.3,300
381,2619,TV1,08/16/2022,11.3,11.4,11.3,11.4,5100
382,2620,TV1,08/17/2022,11.4,11.4,11.3,11.3,2500
383,2621,TV1,08/18/2022,11.7,11.7,11.5,11.5,600
384,2622,TV1,08/19/2022,11.6,11.6,11.6,11.6,2000
385,2623,TV1,08/22/2022,11.2,11.8,11.2,11.8,9600
386,2624,TV1,08/23/2022,11.5,11.5,11.5,11.5,5000
387,2625,TV1,08/24/2022,12.1,12.1,11.9,11.9,200
388,2626,TV1,08/25/2022,11.8,12.0,11.7,12.0,5000
389,2627,TV1,08/26/2022,11.7,11.7,11.7,11.7,10900
390,2628,TV1,08/29/2022,11.6,11.7,11.6,11.7,2100
391,2629,TV1,08/30/2022,11.7,12.0,11.7,11.8,8100
392,2630,TV1,08/31/2022,11.9,12.0,11.8,12.0,6300
393,2631,TV1,09/05/2022,11.9,12.0,11.9,11.9,3500
394,2632,TV1,09/06/2022,11.9,11.9,11.9,11.9,5600
395,2633,TV1,09/07/2022,11.9,11.9,11.9,11.9,0
396,2634,TV1,09/08/2022,11.9,11.9,11.9,11.9,26600
397,2635,TV1,09/09/2022,11.9,11.9,11.9,11.9,0
398,2636,TV1,09/12/2022,11.9,12.0,11.9,12.0,8300
399,2637,TV1,09/13/2022,12.0,12.0,12.0,12.0,700
400,2638,TV1,09/14/2022,12.0,12.0,12.0,12.0,300
401,2639,TV1,09/15/2022,12.0,12.0,12.0,12.0,1000
402,2640,TV1,09/16/2022,12.0,12.1,12.0,12.0,2800
403,2641,TV1,09/19/2022,11.9,12.0,11.9,12.0,1400
404,2642,TV1,09/20/2022,11.9,11.9,11.9,11.9,1700
405,2643,TV1,09/21/2022,12.0,12.0,12.0,12.0,3000
406,2644,TV1,09/22/2022,11.9,12.2,11.9,12.2,2400
407,2645,TV1,09/23/2022,12.1,12.1,11.9,11.9,3800
408,2646,TV1,09/26/2022,11.9,11.9,11.5,11.7,2300
409,2647,TV1,09/27/2022,11.8,11.8,11.8,11.8,1000
410,2648,TV1,09/28/2022,11.8,11.8,11.8,11.8,100
411,2649,TV1,09/29/2022,11.9,12.0,11.8,12.0,10400
412,2650,TV1,09/30/2022,11.7,11.7,11.7,11.7,3100
413,2651,TV1,10/03/2022,11.7,11.7,11.7,11.7,3600
414,2652,TV1,10/04/2022,11.7,11.7,11.7,11.7,0
415,2653,TV1,10/05/2022,11.9,11.9,11.7,11.7,500
416,2654,TV1,10/06/2022,11.9,11.9,11.9,11.9,300
417,2655,TV1,10/07/2022,11.8,11.9,11.7,11.7,2100
418,2656,TV1,10/10/2022,11.9,11.9,11.9,11.9,100
419,2657,TV1,10/11/2022,11.9,11.9,10.9,11.6,12900
420,2658,TV1,10/12/2022,11.1,11.5,11.0,11.5,13100
421,2659,TV1,10/13/2022,11.1,11.5,11.0,11.5,600
422,2660,TV1,10/14/2022,11.6,11.6,11.4,11.4,2000
423,2661,TV1,10/17/2022,11.4,11.4,11.4,11.4,1700
424,2662,TV1,10/18/2022,11.8,11.8,11.8,11.8,1700
425,2663,TV1,10/19/2022,11.8,11.8,11.8,11.8,2200
426,2664,TV1,10/20/2022,11.9,11.9,11.8,11.9,300
427,2665,TV1,10/21/2022,11.9,11.9,11.9,11.9,0
428,2666,TV1,10/24/2022,11.8,11.8,11.8,11.8,400
429,2667,TV1,10/25/2022,11.7,11.8,11.7,11.8,200
430,2668,TV1,10/26/2022,11.8,11.8,11.8,11.8,0
431,2669,TV1,10/27/2022,11.7,11.7,11.3,11.3,1700
432,2670,TV1,10/28/2022,11.8,11.8,11.8,11.8,100
433,2671,TV1,10/31/2022,11.9,11.9,11.7,11.7,600
434,2672,TV1,11/01/2022,11.8,11.8,11.6,11.7,1200
435,2673,TV1,11/02/2022,11.8,11.8,11.8,11.8,100
436,2674,TV1,11/03/2022,11.9,11.9,11.6,11.6,200
437,2675,TV1,11/04/2022,11.5,11.7,11.3,11.3,1500
438,2676,TV1,11/07/2022,11.3,11.5,11.3,11.5,200
439,2677,TV1,11/08/2022,11.5,11.5,11.5,11.5,500
440,2678,TV1,11/09/2022,11.5,11.5,11.5,11.5,1600
441,2679,TV1,11/10/2022,11.5,11.5,11.5,11.5,100
442,2680,TV1,11/11/2022,11.4,11.4,11.3,11.3,2600
443,2681,TV1,11/14/2022,11.4,11.4,11.4,11.4,0
444,2682,TV1,11/15/2022,10.5,11.3,10.5,11.3,1600
445,2683,TV1,11/16/2022,11.2,11.2,11.2,11.2,100
446,2684,TV1,11/17/2022,11.4,12.8,11.4,11.8,500
447,2685,TV1,11/18/2022,11.1,11.3,11.1,11.3,400
448,2686,TV1,11/21/2022,11.6,11.6,10.8,10.8,3100
449,2687,TV1,11/22/2022,11.5,11.5,10.9,10.9,8400
450,2688,TV1,11/23/2022,10.8,10.8,10.8,10.8,100
451,2689,TV1,11/24/2022,10.2,11.4,10.2,11.4,1500
452,2690,TV1,11/25/2022,11.3,11.3,10.7,10.7,1400
453,2691,TV1,11/28/2022,11.3,11.3,11.3,11.3,100
454,2692,TV1,11/29/2022,10.7,11.3,10.7,11.3,600
455,2693,TV1,11/30/2022,11.3,11.3,11.3,11.3,800
456,2694,TV1,12/01/2022,11.3,11.3,11.3,11.3,0
457,2695,TV1,12/02/2022,11.0,11.0,10.7,10.8,13800
458,2696,TV1,12/05/2022,11.3,11.3,11.0,11.0,800
459,2697,TV1,12/06/2022,11.3,11.3,10.5,10.5,3900
460,2698,TV1,12/07/2022,10.5,10.5,10.3,10.3,12500
461,2699,TV1,12/08/2022,11.5,11.7,11.5,11.7,1000
462,2700,TV1,12/09/2022,11.0,11.3,11.0,11.3,600
463,2701,TV1,12/12/2022,11.3,11.3,11.3,11.3,0
464,2702,TV1,12/13/2022,11.3,11.3,11.3,11.3,0
465,2703,TV1,12/14/2022,11.0,11.3,11.0,11.3,200
466,2704,TV1,12/15/2022,11.3,11.3,11.3,11.3,500
467,2705,TV1,12/16/2022,12.0,12.0,12.0,12.0,800
468,2706,TV1,12/19/2022,12.0,12.0,12.0,12.0,0
469,2707,TV1,12/20/2022,10.7,10.7,10.7,10.7,2500
470,2708,TV1,12/21/2022,11.5,11.5,11.5,11.5,100
471,2709,TV1,12/22/2022,11.7,11.7,11.7,11.7,100
472,2710,TV1,12/23/2022,11.7,11.7,11.7,11.7,0
473,2711,TV1,12/26/2022,13.0,13.0,13.0,13.0,100
474,2712,TV1,12/27/2022,11.1,11.8,11.1,11.8,1500
475,2713,TV1,12/28/2022,11.7,11.7,11.7,11.7,0
476,2714,TV1,12/29/2022,13.0,13.0,11.4,11.4,1000
477,2715,TV1,12/30/2022,11.8,11.8,11.0,11.0,3100
478,2716,TV1,01/03/2023,11.7,11.7,11.0,11.0,300
479,2717,TV1,01/04/2023,10.7,11.3,10.7,11.2,5500
480,2718,TV1,01/05/2023,11.2,11.2,11.2,11.2,200
481,2719,TV1,01/06/2023,11.2,11.3,11.2,11.3,2200
482,2720,TV1,01/09/2023,11.3,11.3,11.3,11.3,100
483,2721,TV1,01/10/2023,11.0,11.2,11.0,11.2,1500
484,2722,TV1,01/11/2023,11.2,11.2,11.2,11.2,800
485,2723,TV1,01/12/2023,11.8,11.8,11.8,11.8,100
486,2724,TV1,01/13/2023,11.3,11.6,11.3,11.3,2000
487,2725,TV1,01/16/2023,12.5,12.5,12.5,12.5,100
488,2726,TV1,01/17/2023,11.0,11.4,11.0,11.3,3600
489,2727,TV1,01/18/2023,11.1,11.1,11.1,11.1,0
490,2728,TV1,01/19/2023,11.3,11.3,11.3,11.3,1700
491,2729,TV1,01/27/2023,11.3,11.3,11.3,11.3,0
492,2730,TV1,01/30/2023,12.5,12.5,11.3,11.3,8000
493,2731,TV1,01/31/2023,11.5,11.5,11.4,11.5,1200
494,2732,TV1,02/01/2023,11.5,11.5,11.5,11.5,0
495,2733,TV1,02/02/2023,11.9,11.9,11.0,11.0,1200
496,2734,TV1,02/03/2023,12.0,12.0,11.4,11.4,600
497,2735,TV1,02/06/2023,11.9,11.9,11.9,11.9,0
498,2736,TV1,02/07/2023,11.7,11.7,11.7,11.7,100
499,2737,TV1,02/08/2023,11.4,11.5,11.4,11.5,1200
500,2738,TV1,02/09/2023,11.5,11.5,11.5,11.5,0
501,2739,TV1,02/10/2023,12.0,12.0,11.5,11.5,1000
502,2740,TV1,02/13/2023,11.8,11.8,11.8,11.8,0
503,2741,TV1,02/14/2023,11.7,11.7,11.7,11.7,2000
504,2742,TV1,02/15/2023,11.7,11.7,11.7,11.7,1000
505,2743,TV1,02/16/2023,12.5,12.5,10.1,11.8,3700
506,2744,TV1,02/17/2023,12.4,12.4,11.9,11.9,600
507,2745,TV1,02/20/2023,11.9,11.9,11.6,11.6,1900
508,2746,TV1,02/21/2023,12.4,12.4,12.4,12.4,500
509,2747,TV1,02/22/2023,12.4,12.4,12.4,12.4,0
510,2748,TV1,02/23/2023,12.8,12.8,12.8,12.8,100
511,2749,TV1,02/24/2023,13.4,13.4,11.9,11.9,3100
512,2750,TV1,02/27/2023,12.4,12.4,11.8,11.8,2100
513,2751,TV1,02/28/2023,12.2,12.2,12.2,12.2,500
514,2752,TV1,03/01/2023,12.2,12.2,12.2,12.2,0
515,2753,TV1,03/02/2023,11.0,11.0,11.0,11.0,400
516,2754,TV1,03/03/2023,11.3,11.3,11.3,11.3,100
517,2755,TV1,03/06/2023,11.4,11.4,11.4,11.4,200
518,2756,TV1,03/07/2023,11.7,11.7,11.7,11.7,100
519,2757,TV1,03/08/2023,11.7,11.7,11.7,11.7,0
520,2758,TV1,03/09/2023,13.0,13.0,13.0,13.0,100
521,2759,TV1,03/10/2023,13.0,13.0,13.0,13.0,0
522,2760,TV1,03/13/2023,14.0,14.0,14.0,14.0,100
523,2761,TV1,03/14/2023,14.0,14.0,14.0,14.0,0
524,2762,TV1,03/15/2023,15.5,15.5,11.9,11.9,600
525,2763,TV1,03/16/2023,14.3,14.3,10.7,12.8,700
526,2764,TV1,03/17/2023,12.8,12.8,11.5,11.5,1100
527,2765,TV1,03/20/2023,12.5,12.5,12.5,12.5,100
528,2766,TV1,03/21/2023,12.5,12.5,12.5,12.5,0
529,2767,TV1,03/22/2023,12.5,12.5,12.5,12.5,0
530,2768,TV1,03/23/2023,14.0,14.0,11.0,11.0,1200
531,2769,TV1,03/24/2023,11.8,11.8,10.6,10.6,300
532,2770,TV1,03/27/2023,12.7,12.7,12.0,12.0,300
533,2771,TV1,03/28/2023,14.0,14.0,12.0,12.0,400
534,2772,TV1,03/29/2023,11.2,11.9,11.2,11.9,600
535,2773,TV1,03/30/2023,11.9,11.9,11.6,11.6,2700
536,2774,TV1,03/31/2023,11.9,11.9,11.9,11.9,100
537,2775,TV1,04/03/2023,12.5,12.5,11.6,11.6,600
538,2776,TV1,04/04/2023,13.4,13.4,11.0,11.0,13100
539,2777,TV1,04/05/2023,12.4,12.4,11.6,11.6,1400
540,2778,TV1,04/06/2023,11.9,11.9,11.0,11.2,800
541,2779,TV1,04/07/2023,11.5,11.5,11.5,11.5,100
542,2780,TV1,04/10/2023,11.8,11.8,11.8,11.8,100
543,2781,TV1,04/11/2023,11.9,11.9,11.2,11.6,5100
544,2782,TV1,04/12/2023,11.9,11.9,11.9,11.9,100
545,2783,TV1,04/13/2023,11.6,13.6,11.6,13.6,3000
546,2784,TV1,04/14/2023,12.5,12.5,12.5,12.5,300
547,2785,TV1,04/17/2023,11.5,11.5,11.2,11.2,400
548,2786,TV1,04/18/2023,11.8,11.8,11.8,11.8,200
549,2787,TV1,04/19/2023,12.0,12.0,11.8,11.8,200
550,2788,TV1,04/20/2023,12.0,12.0,11.0,11.2,2100
551,2789,TV1,04/21/2023,11.8,11.8,11.8,11.8,400
552,2790,TV1,04/24/2023,13.0,13.5,11.6,11.8,33900
553,2791,TV1,04/25/2023,12.5,12.5,12.5,12.5,100
554,2792,TV1,04/26/2023,12.9,12.9,12.9,12.9,100
555,2793,TV1,04/27/2023,12.8,12.8,11.2,11.9,1400
556,2794,TV1,04/28/2023,12.0,12.0,12.0,12.0,2000
557,2795,TV1,05/04/2023,13.0,13.2,12.3,12.9,9500
558,2796,TV1,05/05/2023,13.7,13.7,12.5,12.7,3200
559,2797,TV1,05/08/2023,13.4,14.5,13.2,14.5,16700
560,2798,TV1,05/09/2023,14.5,15.9,14.5,15.5,15100
561,2799,TV1,05/10/2023,15.6,15.9,15.5,15.7,26500
562,2800,TV1,05/11/2023,15.7,15.9,15.5,15.8,4700
563,2801,TV1,05/12/2023,15.9,15.9,15.7,15.7,3200
564,2802,TV1,05/15/2023,16.9,16.9,15.0,15.6,10400
565,2803,TV1,05/16/2023,15.9,15.9,15.0,15.4,9200
566,2804,TV1,05/17/2023,15.8,16.4,15.5,15.7,39800
567,2805,TV1,05/18/2023,15.5,15.7,15.0,15.5,8300
568,2806,TV1,05/19/2023,15.5,15.7,13.4,15.5,8900
569,2807,TV1,05/22/2023,13.6,15.7,13.6,15.5,14900
570,2808,TV1,05/23/2023,15.8,15.8,15.0,15.4,6500
571,2809,TV1,05/24/2023,15.9,15.9,15.0,15.0,2200
572,2810,TV1,05/25/2023,15.4,15.4,15.0,15.0,10000
573,2811,TV1,05/26/2023,15.4,15.4,15.0,15.2,6600
574,2812,TV1,05/29/2023,14.7,15.3,14.5,14.9,9000
575,2813,TV1,05/30/2023,15.2,15.2,14.0,14.4,7900
576,2814,TV1,05/31/2023,15.0,15.3,15.0,15.3,1100
577,2815,TV1,06/01/2023,14.5,15.0,14.5,15.0,1200
578,2816,TV1,06/02/2023,15.0,15.0,14.5,15.0,1700
579,2817,TV1,06/05/2023,14.5,15.0,14.5,15.0,3200
580,2818,TV1,06/06/2023,15.0,15.0,15.0,15.0,400
581,2819,TV1,06/07/2023,15.0,15.1,15.0,15.1,2400
582,2820,TV1,06/08/2023,15.0,15.0,15.0,15.0,3700
583,2821,TV1,06/09/2023,15.0,15.1,14.0,14.9,17100
584,2822,TV1,06/12/2023,14.9,15.4,14.9,15.2,12700
585,2823,TV1,06/13/2023,15.3,15.4,15.3,15.4,2900
586,2824,TV1,06/14/2023,15.3,15.3,15.3,15.3,800
587,2825,TV1,06/15/2023,15.0,15.0,14.5,15.0,15700
588,2826,TV1,06/16/2023,15.0,15.0,15.0,15.0,700
589,2827,TV1,06/19/2023,15.0,15.0,15.0,15.0,1000
590,2828,TV1,06/20/2023,14.2,14.9,14.2,14.8,1300
591,2829,TV1,06/21/2023,15.4,15.4,15.4,15.4,100
592,2830,TV1,06/22/2023,15.5,15.5,14.4,14.9,8200
593,2831,TV1,06/23/2023,14.9,15.1,14.5,15.0,1200
594,2832,TV1,06/26/2023,15.0,15.0,14.2,15.0,12000
595,2833,TV1,06/27/2023,14.9,14.9,14.5,14.9,6400
596,2834,TV1,06/28/2023,14.9,14.9,14.8,14.9,1900
597,2835,TV1,06/29/2023,15.1,15.1,15.0,15.0,9300
598,2836,TV1,06/30/2023,15.4,15.4,15.4,15.4,200
599,2837,TV1,07/03/2023,15.0,15.0,14.7,15.0,15600
600,2838,TV1,07/04/2023,15.0,15.0,14.7,14.7,6300
601,2839,TV1,07/05/2023,14.9,14.9,14.9,14.9,100
602,2840,TV1,07/06/2023,14.9,14.9,14.9,14.9,0
603,2841,TV1,07/07/2023,14.9,14.9,14.4,14.9,8600
604,2842,TV1,07/10/2023,14.9,14.9,14.8,14.8,300
605,2843,TV1,07/11/2023,15.0,15.0,14.9,14.9,6300
606,2844,TV1,07/12/2023,14.8,14.8,14.5,14.5,13100
607,2845,TV1,07/13/2023,14.6,15.4,14.6,15.0,1300
608,2846,TV1,07/14/2023,14.8,14.8,14.8,14.8,200
609,2847,TV1,07/17/2023,14.8,14.8,14.8,14.8,0
610,2848,TV1,07/18/2023,14.8,14.8,14.8,14.8,100
611,2849,TV1,07/19/2023,14.7,14.8,14.3,14.6,14700
612,2850,TV1,07/20/2023,14.9,14.9,14.8,14.8,200
613,2851,TV1,07/21/2023,14.9,14.9,14.6,14.6,1500
614,2852,TV1,07/24/2023,14.6,14.6,14.6,14.6,0
615,2853,TV1,07/25/2023,14.6,14.7,14.6,14.6,2300
616,2854,TV1,07/26/2023,14.7,14.7,14.6,14.6,1100
617,2855,TV1,07/27/2023,14.9,14.9,14.6,14.6,2400
618,2856,TV1,07/28/2023,14.6,15.6,14.6,15.4,39300
619,2857,TV1,07/31/2023,15.2,15.4,14.6,15.4,2100
620,2858,TV1,08/01/2023,15.4,15.4,15.0,15.0,18900
621,2859,TV1,08/02/2023,15.0,15.0,15.0,15.0,1500
622,2860,TV1,08/03/2023,15.9,15.9,15.1,15.1,1900
623,2861,TV1,08/04/2023,15.0,15.0,14.8,14.8,2100
624,2862,TV1,08/07/2023,15.0,15.0,15.0,15.0,800
625,2863,TV1,08/08/2023,15.0,15.0,15.0,15.0,100
626,2864,TV1,08/09/2023,15.0,15.0,15.0,15.0,0
627,2865,TV1,08/10/2023,15.0,16.0,14.8,15.5,23300
628,2866,TV1,08/11/2023,15.0,15.0,15.0,15.0,15800
629,2867,TV1,08/14/2023,15.0,15.2,14.6,15.2,10700
630,2868,TV1,08/15/2023,15.0,15.0,14.7,14.7,1400
631,2869,TV1,08/16/2023,14.6,15.0,14.5,15.0,4700
632,2870,TV1,08/17/2023,15.2,15.2,14.7,15.0,2400
633,2871,TV1,08/18/2023,15.0,15.0,14.5,14.5,2200
634,2872,TV1,08/21/2023,14.5,14.9,14.2,14.9,15600
635,2873,TV1,08/22/2023,14.9,14.9,14.8,14.8,1200
636,2874,TV1,08/23/2023,14.9,14.9,14.9,14.9,500
637,2875,TV1,08/24/2023,14.6,14.9,14.6,14.9,600
638,2876,TV1,08/25/2023,14.9,14.9,14.9,14.9,100
639,2877,TV1,08/28/2023,14.9,14.9,14.9,14.9,0
640,2878,TV1,08/29/2023,14.9,14.9,14.9,14.9,0
641,2879,TV1,08/30/2023,14.9,14.9,14.5,14.9,600
642,2880,TV1,08/31/2023,14.9,14.9,14.6,14.6,2300
643,2881,TV1,09/05/2023,14.9,15.5,14.9,15.1,4400
644,2882,TV1,09/06/2023,15.0,15.1,15.0,15.0,5000
645,2883,TV1,09/07/2023,15.1,16.0,15.1,15.1,15300
646,2884,TV1,09/08/2023,15.5,15.5,15.5,15.5,400
647,2885,TV1,09/11/2023,16.0,16.0,14.5,14.6,92600
648,2886,TV1,09/12/2023,15.0,16.0,14.7,16.0,6600
649,2887,TV1,09/13/2023,16.0,16.0,14.8,15.2,30100
650,2888,TV1,09/14/2023,15.0,15.1,15.0,15.1,4200
651,2889,TV1,09/15/2023,15.3,15.3,14.9,15.0,6400
652,2890,TV1,09/18/2023,15.2,17.2,15.0,15.2,49800
653,2891,TV1,09/19/2023,15.5,15.7,14.9,15.3,10400
654,2892,TV1,09/20/2023,15.4,15.4,14.3,15.0,18000
655,2893,TV1,09/21/2023,15.0,15.4,14.9,15.0,5600
656,2894,TV1,09/22/2023,14.9,15.0,14.6,15.0,14000
657,2895,TV1,09/25/2023,15.3,15.3,14.4,14.7,28200
658,2896,TV1,09/26/2023,15.6,16.0,14.6,14.6,7200
659,2897,TV1,09/27/2023,14.5,14.8,13.0,14.7,38800
660,2898,TV1,09/28/2023,14.9,15.2,14.5,14.8,16100
661,2899,TV1,09/29/2023,15.1,15.1,14.8,15.1,13400
662,2900,TV1,10/02/2023,15.4,15.4,15.0,15.2,1200
663,2901,TV1,10/03/2023,15.6,15.9,14.7,15.2,34800
664,2902,TV1,10/04/2023,15.4,15.4,15.4,15.4,200
665,2903,TV1,10/05/2023,15.6,15.6,15.6,15.6,100
666,2904,TV1,10/06/2023,16.0,17.4,15.6,15.9,7900
667,2905,TV1,10/09/2023,16.5,17.8,16.0,16.0,700
668,2906,TV1,10/10/2023,15.6,15.9,15.1,15.6,1500
669,2907,TV1,10/11/2023,16.0,16.0,15.1,15.8,1900
670,2908,TV1,10/12/2023,16.0,16.5,15.1,15.6,4700
671,2909,TV1,10/13/2023,15.8,16.8,15.6,16.8,3000
672,2910,TV1,10/16/2023,17.1,17.4,16.3,17.1,4100
673,2911,TV1,10/17/2023,17.3,17.3,16.1,17.0,9800
674,2912,TV1,10/18/2023,17.3,17.3,16.3,16.8,2700
675,2913,TV1,10/19/2023,16.4,17.0,16.1,16.4,7200
676,2914,TV1,10/20/2023,17.0,18.0,16.5,17.7,25600
677,2915,TV1,10/23/2023,17.7,17.7,16.5,17.2,2000
678,2916,TV1,10/24/2023,17.3,17.3,16.0,16.5,4500
679,2917,TV1,10/25/2023,16.6,17.3,16.0,16.5,2800
680,2918,TV1,10/26/2023,16.6,16.6,16.5,16.5,1400
681,2919,TV1,10/27/2023,15.6,16.2,15.2,16.2,7600
682,2920,TV1,10/30/2023,16.4,16.8,16.3,16.5,5300
683,2921,TV1,10/31/2023,16.5,18.5,16.5,17.1,6200
684,2922,TV1,11/01/2023,17.1,17.9,16.5,17.0,1700
685,2923,TV1,11/02/2023,17.0,17.0,17.0,17.0,1000
686,2924,TV1,11/03/2023,16.5,16.9,16.1,16.9,4100
687,2925,TV1,11/06/2023,16.5,16.5,16.2,16.5,3800
688,2926,TV1,11/07/2023,16.6,17.0,16.4,16.8,9200
689,2927,TV1,11/08/2023,16.5,16.7,16.5,16.7,3600
690,2928,TV1,11/09/2023,16.1,16.8,15.5,16.8,2000
691,2929,TV1,11/10/2023,16.5,16.5,16.5,16.5,900
692,2930,TV1,11/13/2023,16.5,17.0,16.5,17.0,20600
693,2931,TV1,11/14/2023,17.0,17.5,17.0,17.4,1500
694,2932,TV1,11/15/2023,17.7,19.0,17.1,18.0,17300
695,2933,TV1,11/16/2023,20.3,20.3,17.7,17.7,2300
696,2934,TV1,11/17/2023,18.3,18.9,17.3,18.2,20300
697,2935,TV1,11/20/2023,18.3,18.8,17.0,18.5,1800
698,2936,TV1,11/21/2023,18.9,18.9,18.5,18.5,1500
699,2937,TV1,11/22/2023,18.9,18.9,17.7,18.3,2400
700,2938,TV1,11/23/2023,18.5,18.8,18.0,18.0,1200
701,2939,TV1,11/24/2023,18.5,18.6,17.4,18.3,4500
702,2940,TV1,11/27/2023,18.3,18.8,17.9,17.9,400
703,2941,TV1,11/28/2023,17.7,18.1,17.7,18.1,200
704,2942,TV1,11/29/2023,18.3,18.7,17.8,18.2,5000
705,2943,TV1,11/30/2023,18.0,18.0,17.8,17.8,200
706,2944,TV1,12/01/2023,18.0,18.0,17.6,17.6,500
707,2945,TV1,12/04/2023,18.3,19.5,17.5,18.5,19700
708,2946,TV1,12/05/2023,18.3,18.8,17.3,18.2,6600
709,2947,TV1,12/06/2023,18.3,19.0,17.6,18.3,1900
710,2948,TV1,12/07/2023,18.9,18.9,18.4,18.4,200
711,2949,TV1,12/08/2023,17.9,18.7,17.1,17.2,6200
712,2950,TV1,12/11/2023,17.9,18.4,17.3,17.9,4700
713,2951,TV1,12/12/2023,18.3,18.3,17.9,17.9,1200
714,2952,TV1,12/13/2023,18.1,18.2,17.8,17.9,23300
715,2953,TV1,12/14/2023,18.3,19.0,18.3,18.5,600
716,2954,TV1,12/15/2023,18.5,18.5,18.5,18.5,1100
717,2955,TV1,12/18/2023,18.9,18.9,18.5,18.5,200
718,2956,TV1,12/19/2023,18.3,18.5,18.3,18.5,700
719,2957,TV1,12/20/2023,18.4,18.4,18.4,18.4,200
720,2958,TV1,12/21/2023,18.4,18.4,18.4,18.4,0
721,2959,TV1,12/22/2023,17.9,18.0,17.4,18.0,2800
722,2960,TV1,12/25/2023,18.3,18.3,17.7,18.0,3000
723,2961,TV1,12/26/2023,18.1,18.5,18.0,18.0,3700
724,2962,TV1,12/27/2023,18.5,18.5,18.0,18.0,1400
725,2963,TV1,12/28/2023,17.9,18.1,17.5,18.1,3400
726,2964,TV1,12/29/2023,18.3,18.3,18.3,18.3,100
727,2965,TV1,01/02/2024,18.5,18.5,17.7,18.2,4400
728,2966,TV1,01/03/2024,17.8,18.9,17.8,18.5,30400
729,2967,TV1,01/04/2024,18.7,18.7,18.0,18.5,7500
730,2968,TV1,01/05/2024,18.8,20.4,18.3,18.8,64800
731,2969,TV1,01/08/2024,18.9,19.4,18.0,18.5,35500
732,2970,TV1,01/09/2024,17.9,19.4,17.7,18.8,55900
733,2971,TV1,01/10/2024,19.0,20.0,17.8,18.9,44100
734,2972,TV1,01/11/2024,21.5,21.5,18.1,18.9,13600
735,2973,TV1,01/12/2024,18.8,19.3,18.2,18.8,27600
736,2974,TV1,01/15/2024,18.5,19.9,18.5,19.0,35800
737,2975,TV1,01/16/2024,18.9,19.8,18.7,19.6,6400
738,2976,TV1,01/17/2024,19.7,20.3,19.5,19.9,25500
739,2977,TV1,01/18/2024,19.5,19.7,19.1,19.5,16600
740,2978,TV1,01/19/2024,19.1,20.9,19.1,20.0,11100
741,2979,TV1,01/22/2024,19.5,22.5,19.5,20.1,6800
742,2980,TV1,01/23/2024,20.9,20.9,20.2,20.6,5500
743,2981,TV1,01/24/2024,20.8,21.5,20.7,21.0,11300
744,2982,TV1,01/25/2024,21.5,21.5,20.9,21.3,6100
745,2983,TV1,01/26/2024,21.0,24.1,20.7,21.0,33300
746,2984,TV1,01/29/2024,21.5,21.5,20.7,21.0,3000
747,2985,TV1,01/30/2024,21.3,21.3,20.7,21.2,6800
748,2986,TV1,01/31/2024,21.2,21.8,21.1,21.1,7100
749,2987,TV1,02/01/2024,21.8,23.5,21.5,22.1,2600
